,time,pos,ref
0,1.0199995040893555,[7.00 3.00 3.14],[0.00 0.00]
1,1.1959524154663086,[7.00 3.00 3.14],[0.00 0.00]
2,1.416515827178955,[7.00 3.00 3.17],[0.00 0.00]
3,1.625532627105713,[7.00 3.00 3.19],[0.00 0.00]
4,1.8340034484863281,[7.00 3.00 3.21],[0.00 0.00]
5,2.0451338291168213,[7.00 3.00 3.24],[0.00 0.00]
6,2.2521774768829346,[7.00 3.00 3.26],[0.00 0.00]
7,2.472710132598877,[7.00 3.00 3.29],[0.00 0.00]
8,2.6824374198913574,[7.00 3.00 3.31],[0.00 0.00]
9,2.8901522159576416,[7.00 3.00 3.34],[0.00 0.00]
10,3.098925828933716,[7.00 3.00 3.37],[0.00 0.00]
11,3.307758092880249,[6.99 3.00 3.39],[0.00 0.00]
12,3.528911828994751,[6.98 3.00 3.42],[0.00 0.00]
13,3.7390024662017822,[6.97 2.99 3.45],[0.00 0.00]
14,3.947725534439087,[6.96 2.99 3.48],[0.00 0.00]
15,4.156613111495972,[6.94 2.98 3.51],[0.00 0.00]
16,4.365171194076538,[6.92 2.97 3.53],[0.00 0.00]
17,4.573819637298584,[6.90 2.97 3.56],[0.00 0.00]
18,4.790477514266968,[6.88 2.96 3.59],[0.00 0.00]
19,5.000393390655518,[6.85 2.94 3.62],[0.00 0.00]
20,5.209219455718994,[6.82 2.93 3.64],[0.00 0.00]
21,5.417936325073242,[6.79 2.91 3.67],[0.00 0.00]
22,5.626571178436279,[6.76 2.89 3.69],[0.00 0.00]
23,5.834949493408203,[6.72 2.87 3.73],[0.00 0.00]
24,6.055559396743774,[6.69 2.85 3.75],[0.00 0.00]
25,6.266100883483887,[6.65 2.82 3.77],[0.00 0.00]
26,6.475222826004028,[6.61 2.79 3.77],[0.00 0.00]
27,6.684732675552368,[6.57 2.76 3.77],[0.00 0.00]
28,6.892298221588135,[6.53 2.74 3.77],[0.00 0.00]
29,7.101194620132446,[6.49 2.71 3.77],[0.00 0.00]
30,7.321748495101929,[6.45 2.68 3.77],[0.00 0.00]
31,7.531948804855347,[6.41 2.65 3.77],[0.00 0.00]
32,7.741399526596069,[6.37 2.62 3.77],[0.00 0.00]
33,7.950402736663818,[6.34 2.59 3.77],[0.00 0.00]
34,8.162098169326782,[6.30 2.57 3.77],[0.00 0.00]
35,8.371043682098389,[6.26 2.54 3.77],[0.00 0.00]
36,8.591161489486694,[6.22 2.51 3.77],[0.00 0.00]
37,8.801699876785278,[6.18 2.48 3.77],[0.00 0.00]
38,9.014179706573486,[6.14 2.45 3.77],[0.00 0.00]
39,9.22403860092163,[6.10 2.43 3.77],[0.00 0.00]
40,9.431766748428345,[6.06 2.40 3.77],[0.00 0.00]
41,9.636582612991333,[6.03 2.37 3.77],[0.00 0.00]
42,9.836721181869507,[5.99 2.35 3.76],[0.00 0.00]
43,10.049492835998535,[5.96 2.32 3.76],[0.00 0.00]
44,10.260982990264893,[5.92 2.29 3.77],[0.00 0.00]
45,10.472439765930176,[5.88 2.27 3.76],[0.00 0.00]
46,10.685057163238525,[5.85 2.24 3.76],[0.00 0.00]
47,10.894280195236206,[5.82 2.22 3.76],[0.00 0.00]
48,11.103588581085205,[5.79 2.20 3.76],[0.00 0.00]
49,11.323349714279175,[5.76 2.18 3.76],[0.00 0.00]
50,11.533505916595459,[5.73 2.16 3.76],[0.00 0.00]
51,11.742355823516846,[5.71 2.15 3.77],[0.00 0.00]
52,11.951536655426025,[5.69 2.13 3.76],[0.00 0.00]
53,12.16046667098999,[5.67 2.12 3.76],[0.00 0.00]
54,12.36881947517395,[5.66 2.11 3.76],[0.00 0.00]
55,12.589142084121704,[5.65 2.10 3.76],[0.00 0.00]
56,12.798876762390137,[5.64 2.09 3.76],[0.00 0.00]
57,13.008549690246582,[5.63 2.09 3.76],[0.00 0.00]
58,13.220333337783813,[5.62 2.08 3.76],[0.00 0.00]
59,13.429301738739014,[5.62 2.08 3.76],[0.00 0.00]
60,13.638234615325928,[5.62 2.08 3.75],[0.00 0.00]
61,13.858795881271362,[5.62 2.08 3.72],[0.00 0.00]
62,14.072405099868774,[5.62 2.08 3.69],[0.00 0.00]
63,14.282461404800415,[5.62 2.08 3.67],[0.00 0.00]
64,14.494569301605225,[5.62 2.08 3.64],[0.00 0.00]
65,14.706923961639404,[5.62 2.08 3.61],[0.00 0.00]
66,14.916117906570435,[5.62 2.08 3.58],[0.00 0.00]
67,15.13668942451477,[5.62 2.08 3.56],[0.00 0.00]
68,15.35032606124878,[5.62 2.08 3.53],[0.00 0.00]
69,15.559916734695435,[5.61 2.08 3.50],[0.00 0.00]
70,15.772037267684937,[5.61 2.07 3.47],[0.00 0.00]
71,15.981224298477173,[5.60 2.07 3.44],[0.00 0.00]
72,16.190269708633423,[5.59 2.07 3.41],[0.00 0.00]
73,16.410621643066406,[5.58 2.06 3.38],[0.00 0.00]
74,16.62404179573059,[5.56 2.06 3.35],[0.00 0.00]
75,16.834147930145264,[5.54 2.06 3.31],[0.00 0.00]
76,17.04608702659607,[5.51 2.05 3.29],[0.00 0.00]
77,17.254902601242065,[5.49 2.05 3.28],[0.00 0.00]
78,17.463579416275024,[5.47 2.04 3.28],[0.00 0.00]
79,17.68419075012207,[5.44 2.04 3.28],[0.00 0.00]
80,17.897852420806885,[5.42 2.04 3.28],[0.00 0.00]
81,18.10785746574402,[5.39 2.03 3.28],[0.00 0.00]
82,18.31705379486084,[5.37 2.03 3.28],[0.00 0.00]
83,18.528748750686646,[5.35 2.03 3.28],[0.00 0.00]
84,18.737757921218872,[5.33 2.03 3.28],[0.00 0.00]
85,18.95810556411743,[5.32 2.02 3.28],[0.00 0.00]
86,19.168246269226074,[5.30 2.02 3.28],[0.00 0.00]
87,19.377469301223755,[5.29 2.02 3.28],[0.00 0.00]
88,19.5864679813385,[5.28 2.02 3.26],[0.00 0.00]
89,19.794477224349976,[5.28 2.02 3.23],[0.00 0.00]
90,20.003645181655884,[5.27 2.02 3.18],[0.00 0.00]
91,20.223873615264893,[5.26 2.02 3.13],[0.00 0.00]
92,20.437477350234985,[5.26 2.02 3.06],[0.00 0.00]
93,20.647332429885864,[5.26 2.02 2.98],[0.00 0.00]
94,20.856568813323975,[5.26 2.02 2.90],[0.00 0.00]
95,21.067925214767456,[5.26 2.02 2.81],[0.00 0.00]
96,21.27690577507019,[5.26 2.02 2.72],[0.00 0.00]
97,21.497695684432983,[5.26 2.02 2.64],[0.00 0.00]
98,21.711198329925537,[5.26 2.02 2.57],[0.00 0.00]
99,21.920931577682495,[5.26 2.02 2.53],[0.00 0.00]
100,22.132982969284058,[5.26 2.02 2.50],[0.00 0.00]
101,22.3422269821167,[5.26 2.02 2.48],[0.00 0.00]
102,22.550631999969482,[5.26 2.02 2.45],[0.00 0.00]
103,22.77161192893982,[5.26 2.02 2.42],[0.00 0.00]
104,22.981329917907715,[5.26 2.02 2.39],[0.00 0.00]
105,23.19101619720459,[5.25 2.02 2.37],[0.00 0.00]
106,23.39973783493042,[5.25 2.02 2.34],[0.00 0.00]
107,23.607295036315918,[5.24 2.03 2.32],[0.00 0.00]
108,23.813920497894287,[5.24 2.04 2.29],[0.00 0.00]
109,24.02506685256958,[5.23 2.05 2.26],[0.00 0.00]
110,24.238353490829468,[5.22 2.06 2.23],[0.00 0.00]
111,24.448643684387207,[5.20 2.08 2.20],[0.00 0.00]
112,24.661046743392944,[5.19 2.10 2.17],[0.00 0.00]
113,24.873595476150513,[5.17 2.12 2.14],[0.00 0.00]
114,25.082072496414185,[5.16 2.15 2.11],[0.00 0.00]
115,25.302695989608765,[5.14 2.17 2.08],[0.00 0.00]
116,25.516494274139404,[5.12 2.21 2.05],[0.00 0.00]
117,25.725892066955566,[5.11 2.24 2.02],[0.00 0.00]
118,25.935039520263672,[5.09 2.28 1.99],[0.00 0.00]
119,26.1430983543396,[5.07 2.32 1.97],[0.00 0.00]
120,26.351773500442505,[5.05 2.36 1.95],[0.00 0.00]
121,26.584802865982056,[5.04 2.40 1.94],[0.00 0.00]
122,26.806763410568237,[5.02 2.45 1.94],[0.00 0.00]
123,27.02476930618286,[5.00 2.49 1.94],[0.00 0.00]
124,27.241729021072388,[4.99 2.53 1.94],[0.00 0.00]
125,27.45827603340149,[4.97 2.56 1.94],[0.00 0.00]
126,27.67479109764099,[4.96 2.59 1.93],[0.00 0.00]
127,27.90372109413147,[4.95 2.62 1.93],[0.00 0.00]
128,28.125497341156006,[4.94 2.65 1.93],[0.00 0.00]
129,28.343303442001343,[4.93 2.67 1.93],[0.00 0.00]
130,28.560578107833862,[4.92 2.69 1.93],[0.00 0.00]
131,28.776529550552368,[4.92 2.71 1.93],[0.00 0.00]
132,29.01326322555542,[4.91 2.72 1.93],[0.00 0.00]
133,29.235832929611206,[4.91 2.73 1.92],[0.00 0.00]
134,29.456294536590576,[4.91 2.74 1.92],[0.00 0.00]
135,29.677751779556274,[4.91 2.74 1.92],[0.00 0.00]
136,29.898477792739868,[4.90 2.75 1.93],[0.00 0.00]
137,30.131482362747192,[4.90 2.75 1.95],[0.00 0.00]
138,30.353752613067627,[4.90 2.75 1.97],[0.00 0.00]
139,30.57459783554077,[4.90 2.75 2.00],[0.00 0.00]
140,30.792861938476562,[4.90 2.75 2.03],[0.00 0.00]
141,31.008984327316284,[4.90 2.75 2.05],[0.00 0.00]
142,31.237749576568604,[4.90 2.75 2.08],[0.00 0.00]
143,31.45591139793396,[4.90 2.75 2.11],[0.00 0.00]
144,31.672571659088135,[4.90 2.75 2.14],[0.00 0.00]
145,31.893603801727295,[4.90 2.75 2.17],[0.00 0.00]
146,32.11477184295654,[4.90 2.75 2.19],[0.00 0.00]
147,32.350311279296875,[4.90 2.75 2.22],[0.00 0.00]
148,32.57425928115845,[4.90 2.76 2.25],[0.00 0.00]
149,32.79526662826538,[4.89 2.77 2.28],[0.00 0.00]
150,33.017271995544434,[4.88 2.78 2.31],[0.00 0.00]
151,33.23736500740051,[4.87 2.79 2.34],[0.00 0.00]
152,33.47132229804993,[4.86 2.80 2.37],[0.00 0.00]
153,33.69239330291748,[4.84 2.82 2.41],[0.00 0.00]
154,33.91302728652954,[4.82 2.84 2.42],[0.00 0.00]
155,34.134432554244995,[4.80 2.86 2.42],[0.00 0.00]
156,34.355008125305176,[4.78 2.87 2.42],[0.00 0.00]
157,34.59136891365051,[4.76 2.89 2.42],[0.00 0.00]
158,34.81430125236511,[4.74 2.91 2.42],[0.00 0.00]
159,35.022610664367676,[4.73 2.92 2.42],[0.00 0.00]
160,35.23092722892761,[4.71 2.93 2.42],[0.00 0.00]
161,35.42997670173645,[4.70 2.94 2.41],[0.00 0.00]
162,35.63024282455444,[4.69 2.96 2.40],[0.00 0.00]
163,35.84561800956726,[4.68 2.96 2.39],[0.00 0.00]
164,36.07114267349243,[4.67 2.97 2.38],[0.00 0.00]
165,36.29251003265381,[4.66 2.98 2.39],[0.00 0.00]
166,36.513784646987915,[4.66 2.98 2.42],[0.00 0.00]
167,36.73456788063049,[4.65 2.99 2.48],[0.00 0.00]
168,36.969756841659546,[4.64 2.99 2.55],[0.00 0.00]
169,37.190171003341675,[4.64 3.00 2.62],[0.00 0.00]
170,37.41052985191345,[4.64 3.00 2.70],[0.00 0.00]
171,37.63283658027649,[4.64 3.00 2.79],[0.00 0.00]
172,37.8529155254364,[4.64 3.00 2.87],[0.00 0.00]
173,38.073830127716064,[4.64 3.00 2.95],[0.00 0.00]
174,38.30695033073425,[4.64 3.00 3.04],[0.00 0.00]
175,38.530245304107666,[4.64 3.00 3.14],[0.00 0.00]
176,38.75127673149109,[4.64 3.00 3.21],[0.00 0.00]
177,38.97195744514465,[4.64 3.00 3.25],[0.00 0.00]
178,39.192286014556885,[4.64 3.00 3.27],[0.00 0.00]
179,39.41306161880493,[4.64 3.00 3.30],[0.00 0.00]
180,39.6461238861084,[4.64 3.00 3.33],[0.00 0.00]
181,39.86950397491455,[4.64 3.00 3.36],[0.00 0.00]
182,40.08981204032898,[4.63 3.00 3.38],[0.00 0.00]
183,40.31074666976929,[4.63 2.99 3.41],[0.00 0.00]
184,40.53158402442932,[4.62 2.99 3.44],[0.00 0.00]
185,40.77481532096863,[4.60 2.99 3.47],[0.00 0.00]
186,40.9953179359436,[4.59 2.98 3.50],[0.00 0.00]
187,41.21579098701477,[4.57 2.98 3.53],[0.00 0.00]
188,41.43735074996948,[4.55 2.97 3.56],[0.00 0.00]
189,41.657997608184814,[4.52 2.96 3.59],[0.00 0.00]
190,41.89077138900757,[4.50 2.94 3.62],[0.00 0.00]
191,42.11326265335083,[4.47 2.93 3.64],[0.00 0.00]
192,42.33401036262512,[4.44 2.91 3.65],[0.00 0.00]
193,42.5554096698761,[4.41 2.90 3.65],[0.00 0.00]
194,42.77637696266174,[4.38 2.88 3.65],[0.00 0.00]
195,43.0092134475708,[4.35 2.87 3.64],[0.00 0.00]
196,43.21965193748474,[4.33 2.85 3.64],[0.00 0.00]
197,43.4275484085083,[4.30 2.84 3.64],[0.00 0.00]
198,43.637123823165894,[4.28 2.83 3.64],[0.00 0.00]
199,43.846821546554565,[4.26 2.82 3.64],[0.00 0.00]
200,44.05599331855774,[4.25 2.81 3.64],[0.00 0.00]
201,44.26729941368103,[4.23 2.80 3.64],[0.00 0.00]
202,44.47644758224487,[4.22 2.79 3.64],[0.00 0.00]
203,44.69045448303223,[4.21 2.79 3.64],[0.00 0.00]
204,44.90266680717468,[4.21 2.79 3.64],[0.00 0.00]
205,45.115196228027344,[4.21 2.79 3.64],[0.00 0.00]
206,45.32790541648865,[4.20 2.78 3.66],[0.00 0.00]
207,45.541008710861206,[4.20 2.78 3.68],[0.00 0.00]
208,45.750434160232544,[4.20 2.78 3.71],[0.00 0.00]
209,45.9630069732666,[4.20 2.78 3.73],[0.00 0.00]
210,46.17591738700867,[4.20 2.78 3.75],[0.00 0.00]
211,46.385926246643066,[4.20 2.78 3.78],[0.00 0.00]
212,46.598222970962524,[4.20 2.78 3.81],[0.00 0.00]
213,46.81095552444458,[4.20 2.78 3.83],[0.00 0.00]
214,47.023964166641235,[4.20 2.78 3.86],[0.00 0.00]
215,47.23716759681702,[4.20 2.78 3.89],[0.00 0.00]
216,47.45013642311096,[4.20 2.78 3.91],[0.00 0.00]
217,47.65979313850403,[4.20 2.78 3.93],[0.00 0.00]
218,47.871970891952515,[4.19 2.77 3.96],[0.00 0.00]
219,48.08476686477661,[4.18 2.76 3.99],[0.00 0.00]
220,48.29773736000061,[4.17 2.75 4.02],[0.00 0.00]
221,48.50773334503174,[4.16 2.74 4.05],[0.00 0.00]
222,48.716145515441895,[4.15 2.72 4.07],[0.00 0.00]
223,48.92552185058594,[4.13 2.70 4.10],[0.00 0.00]
224,49.13458466529846,[4.12 2.68 4.13],[0.00 0.00]
225,49.34323978424072,[4.10 2.66 4.14],[0.00 0.00]
226,49.55226135253906,[4.09 2.63 4.15],[0.00 0.00]
227,49.76395082473755,[4.07 2.61 4.14],[0.00 0.00]
228,49.97381663322449,[4.06 2.59 4.14],[0.00 0.00]
229,50.182660818099976,[4.04 2.56 4.15],[0.00 0.00]
230,50.39128375053406,[4.03 2.54 4.15],[0.00 0.00]
231,50.596741914749146,[4.02 2.52 4.15],[0.00 0.00]
232,50.805434703826904,[4.00 2.50 4.15],[0.00 0.00]
233,51.01446533203125,[3.99 2.48 4.15],[0.00 0.00]
234,51.22631120681763,[3.99 2.48 4.15],[0.00 0.00]
235,51.43591785430908,[3.99 2.48 4.15],[0.00 0.00]
236,51.645246744155884,[3.99 2.48 4.15],[0.00 0.00]
237,51.85413718223572,[3.99 2.48 4.15],[0.00 0.00]
238,52.05347919464111,[3.99 2.48 4.15],[0.00 0.00]
239,52.26361083984375,[3.99 2.48 4.12],[0.00 0.00]
240,52.472827196121216,[3.99 2.48 4.13],[0.00 0.00]
241,52.68146586418152,[3.99 2.47 4.13],[0.00 0.00]
242,52.89361786842346,[3.98 2.47 4.13],[0.00 0.00]
243,53.106332778930664,[3.98 2.46 4.13],[0.00 0.00]
244,53.31957149505615,[3.97 2.45 4.13],[0.00 0.00]
245,53.53259634971619,[3.96 2.44 4.13],[0.00 0.00]
246,53.74519348144531,[3.96 2.43 4.13],[0.00 0.00]
247,53.95499634742737,[3.95 2.42 4.13],[0.00 0.00]
248,54.16722750663757,[3.94 2.41 4.12],[0.00 0.00]
249,54.38041830062866,[3.94 2.40 4.12],[0.00 0.00]
250,54.59331655502319,[3.93 2.39 4.12],[0.00 0.00]
251,54.806137561798096,[3.92 2.38 4.12],[0.00 0.00]
252,55.019001722335815,[3.92 2.37 4.12],[0.00 0.00]
253,55.22899031639099,[3.91 2.36 4.12],[0.00 0.00]
254,55.441147565841675,[3.90 2.35 4.12],[0.00 0.00]
255,55.65385723114014,[3.90 2.34 4.12],[0.00 0.00]
256,55.867170333862305,[3.89 2.33 4.12],[0.00 0.00]
257,56.08028769493103,[3.88 2.32 4.12],[0.00 0.00]
258,56.29030966758728,[3.88 2.32 4.12],[0.00 0.00]
259,56.49908804893494,[3.88 2.32 4.12],[0.00 0.00]
260,56.707504987716675,[3.88 2.32 4.12],[0.00 0.00]
261,56.912846326828,[3.88 2.32 4.12],[0.00 0.00]
262,57.121825218200684,[3.88 2.32 4.12],[0.00 0.00]
263,57.330451011657715,[3.88 2.32 4.12],[0.00 0.00]
264,57.542482137680054,[3.88 2.32 4.12],[0.00 0.00]
265,57.752561807632446,[3.88 2.32 4.12],[0.00 0.00]
266,57.96139478683472,[3.88 2.32 4.12],[0.00 0.00]
267,58.170411109924316,[3.88 2.32 4.12],[0.00 0.00]
268,58.37829113006592,[3.88 2.32 4.12],[0.00 0.00]
269,58.5876190662384,[3.88 2.32 4.12],[0.00 0.00]
270,58.79658627510071,[3.88 2.32 4.12],[0.00 0.00]
271,59.00595545768738,[3.88 2.32 4.12],[0.00 0.00]
272,59.21495580673218,[3.88 2.32 4.12],[0.00 0.00]
273,59.42653131484985,[3.88 2.32 4.12],[0.00 0.00]
274,59.636359453201294,[3.88 2.32 4.12],[0.00 0.00]
275,59.84515118598938,[3.88 2.32 4.12],[0.00 0.00]
276,60.054179430007935,[3.88 2.32 4.12],[0.00 0.00]
277,60.26318311691284,[3.88 2.32 4.12],[0.00 0.00]
278,60.501534938812256,[3.88 2.32 4.11],[0.00 0.00]
279,60.71696996688843,[3.88 2.32 4.10],[0.00 0.00]
280,60.926074504852295,[3.88 2.31 4.12],[0.00 0.00]
281,61.134714126586914,[3.88 2.31 4.16],[0.00 0.00]
282,61.34424114227295,[3.88 2.31 4.22],[0.00 0.00]
283,61.55560255050659,[3.88 2.31 4.31],[0.00 0.00]
284,61.77627968788147,[3.87 2.30 4.41],[0.00 0.00]
285,61.98682403564453,[3.87 2.30 4.54],[0.00 0.00]
286,62.19614338874817,[3.87 2.30 4.68],[0.00 0.00]
287,62.40459752082825,[3.87 2.30 4.81],[0.00 0.00]
288,62.61630606651306,[3.87 2.30 4.96],[0.00 0.00]
289,62.825642108917236,[3.87 2.30 5.08],[0.00 0.00]
290,63.04615521430969,[3.87 2.30 5.18],[0.00 0.00]
291,63.256404399871826,[3.87 2.30 5.26],[0.00 0.00]
292,63.465781927108765,[3.87 2.30 5.34],[0.00 0.00]
293,63.67481470108032,[3.87 2.30 5.43],[0.00 0.00]
294,63.883293867111206,[3.87 2.30 5.49],[0.00 0.00]
295,64.09169888496399,[3.87 2.30 5.53],[0.00 0.00]
296,64.31211590766907,[3.87 2.30 5.55],[0.00 0.00]
297,64.52181935310364,[3.87 2.30 5.58],[0.00 0.00]
298,64.73039817810059,[3.87 2.30 5.61],[0.00 0.00]
299,64.9402756690979,[3.87 2.30 5.63],[0.00 0.00]
300,65.1526038646698,[3.88 2.29 5.66],[0.00 0.00]
301,65.36124730110168,[3.88 2.29 5.68],[0.00 0.00]
302,65.58171129226685,[3.89 2.29 5.71],[0.00 0.00]
303,65.79551362991333,[3.90 2.28 5.74],[0.00 0.00]
304,66.00517535209656,[3.91 2.27 5.77],[0.00 0.00]
305,66.21430563926697,[3.93 2.26 5.79],[0.00 0.00]
306,66.42218494415283,[3.95 2.25 5.82],[0.00 0.00]
307,66.63258790969849,[3.97 2.24 5.85],[0.00 0.00]
308,66.85516881942749,[3.99 2.23 5.88],[0.00 0.00]
309,67.06567478179932,[4.02 2.22 5.90],[0.00 0.00]
310,67.27507495880127,[4.05 2.21 5.93],[0.00 0.00]
311,67.48425388336182,[4.08 2.19 5.96],[0.00 0.00]
312,67.6956741809845,[4.12 2.18 5.98],[0.00 0.00]
313,67.90496158599854,[4.16 2.17 6.01],[0.00 0.00]
314,68.12520265579224,[4.20 2.16 6.03],[0.00 0.00]
315,68.33543348312378,[4.25 2.15 6.05],[0.00 0.00]
316,68.54725766181946,[4.29 2.13 6.05],[0.00 0.00]
317,68.75702905654907,[4.34 2.12 6.05],[0.00 0.00]
318,68.9662618637085,[4.39 2.11 6.05],[0.00 0.00]
319,69.17467212677002,[4.43 2.10 6.05],[0.00 0.00]
320,69.3837571144104,[4.48 2.09 6.05],[0.00 0.00]
321,69.59971070289612,[4.52 2.08 6.05],[0.00 0.00]
322,69.81526708602905,[4.57 2.07 6.05],[0.00 0.00]
323,70.0275022983551,[4.62 2.06 6.05],[0.00 0.00]
324,70.25223994255066,[4.67 2.05 6.05],[0.00 0.00]
325,70.47285985946655,[4.71 2.03 6.05],[0.00 0.00]
326,70.6934323310852,[4.76 2.02 6.05],[0.00 0.00]
327,70.92652153968811,[4.80 2.01 6.05],[0.00 0.00]
328,71.14976406097412,[4.84 2.01 6.05],[0.00 0.00]
329,71.37078666687012,[4.87 2.00 6.05],[0.00 0.00]
330,71.5919942855835,[4.90 1.99 6.05],[0.00 0.00]
331,71.81224703788757,[4.93 1.98 6.05],[0.00 0.00]
332,72.04504013061523,[4.95 1.98 6.05],[0.00 0.00]
333,72.26729893684387,[4.97 1.97 6.05],[0.00 0.00]
334,72.48795628547668,[4.99 1.97 6.06],[0.00 0.00]
335,72.70979976654053,[5.01 1.97 6.08],[0.00 0.00]
336,72.93045568466187,[5.02 1.96 6.12],[0.00 0.00]
337,73.16369009017944,[5.04 1.96 6.16],[0.00 0.00]
338,73.38594603538513,[5.05 1.96 6.22],[0.00 0.00]
339,73.60669374465942,[5.06 1.96 0.01],[0.00 0.00]
340,73.82923460006714,[5.07 1.96 0.11],[0.00 0.00]
341,74.0488748550415,[5.08 1.96 0.21],[0.00 0.00]
342,74.28212070465088,[5.08 1.96 0.32],[0.00 0.00]
343,74.50781345367432,[5.09 1.96 0.45],[0.00 0.00]
344,74.72907280921936,[5.09 1.96 0.59],[0.00 0.00]
345,74.95127630233765,[5.09 1.96 0.73],[0.00 0.00]
346,75.17059063911438,[5.09 1.96 0.88],[0.00 0.00]
347,75.403315782547,[5.09 1.96 1.03],[0.00 0.00]
348,75.62579345703125,[5.09 1.96 1.16],[0.00 0.00]
349,75.84618520736694,[5.09 1.96 1.26],[0.00 0.00]
350,76.06516695022583,[5.09 1.96 1.35],[0.00 0.00]
351,76.28489518165588,[5.09 1.96 1.43],[0.00 0.00]
352,76.5259141921997,[5.09 1.96 1.53],[0.00 0.00]
353,76.74816513061523,[5.09 1.96 1.60],[0.00 0.00]
354,76.96868014335632,[5.09 1.97 1.64],[0.00 0.00]
355,77.19089388847351,[5.09 1.97 1.66],[0.00 0.00]
356,77.41116762161255,[5.09 1.97 1.69],[0.00 0.00]
357,77.6444890499115,[5.09 1.97 1.71],[0.00 0.00]
358,77.86655497550964,[5.09 1.97 1.74],[0.00 0.00]
359,78.0877754688263,[5.09 1.98 1.77],[0.00 0.00]
360,78.30999732017517,[5.09 1.99 1.80],[0.00 0.00]
361,78.52976775169373,[5.08 2.00 1.82],[0.00 0.00]
362,78.76275324821472,[5.08 2.01 1.85],[0.00 0.00]
363,78.98509216308594,[5.07 2.03 1.88],[0.00 0.00]
364,79.20621061325073,[5.07 2.06 1.91],[0.00 0.00]
365,79.42789602279663,[5.06 2.08 1.93],[0.00 0.00]
366,79.64791512489319,[5.05 2.11 1.96],[0.00 0.00]
367,79.8806984424591,[5.03 2.14 1.99],[0.00 0.00]
368,80.10329151153564,[5.02 2.17 2.02],[0.00 0.00]
369,80.32403588294983,[5.00 2.21 2.04],[0.00 0.00]
370,80.54601836204529,[4.98 2.25 2.05],[0.00 0.00]
371,80.76988458633423,[4.97 2.28 2.05],[0.00 0.00]
372,81.00362777709961,[4.95 2.31 2.05],[0.00 0.00]
373,81.22557878494263,[4.93 2.34 2.05],[0.00 0.00]
374,81.44619488716125,[4.92 2.37 2.05],[0.00 0.00]
375,81.66902565956116,[4.90 2.40 2.05],[0.00 0.00]
376,81.89179015159607,[4.89 2.43 2.05],[0.00 0.00]
377,82.1249406337738,[4.87 2.46 2.04],[0.00 0.00]
378,82.34743237495422,[4.86 2.49 2.04],[0.00 0.00]
379,82.56819939613342,[4.84 2.52 2.04],[0.00 0.00]
380,82.7901861667633,[4.83 2.54 2.04],[0.00 0.00]
381,83.0104591846466,[4.82 2.57 2.04],[0.00 0.00]
382,83.2435393333435,[4.81 2.59 2.04],[0.00 0.00]
383,83.46918392181396,[4.79 2.62 2.04],[0.00 0.00]
384,83.6902277469635,[4.78 2.64 2.04],[0.00 0.00]
385,83.91176414489746,[4.77 2.66 2.04],[0.00 0.00]
386,84.13227391242981,[4.76 2.68 2.04],[0.00 0.00]
387,84.36556243896484,[4.75 2.70 2.03],[0.00 0.00]
388,84.57877397537231,[4.74 2.72 2.04],[0.00 0.00]
389,84.78807759284973,[4.73 2.74 2.03],[0.00 0.00]
390,84.99807167053223,[4.72 2.76 2.02],[0.00 0.00]
391,85.20931386947632,[4.71 2.77 2.00],[0.00 0.00]
392,85.41865730285645,[4.71 2.79 1.97],[0.00 0.00]
393,85.63937020301819,[4.70 2.80 1.93],[0.00 0.00]
394,85.85302972793579,[4.70 2.81 1.87],[0.00 0.00]
395,86.06313848495483,[4.69 2.82 1.79],[0.00 0.00]
396,86.27481746673584,[4.69 2.83 1.71],[0.00 0.00]
397,86.48460912704468,[4.69 2.84 1.61],[0.00 0.00]
398,86.69251751899719,[4.69 2.84 1.51],[0.00 0.00]
399,86.91324639320374,[4.69 2.85 1.40],[0.00 0.00]
400,87.12329840660095,[4.69 2.85 1.27],[0.00 0.00]
401,87.3318612575531,[4.69 2.85 1.14],[0.00 0.00]
402,87.54088521003723,[4.69 2.85 0.99],[0.00 0.00]
403,87.74511456489563,[4.69 2.85 0.88],[0.00 0.00]
404,87.94973278045654,[4.69 2.85 0.78],[0.00 0.00]
405,88.17053747177124,[4.69 2.85 0.69],[0.00 0.00]
406,88.38074564933777,[4.69 2.85 0.60],[0.00 0.00]
407,88.59323906898499,[4.69 2.85 0.51],[0.00 0.00]
408,88.80328845977783,[4.69 2.85 0.45],[0.00 0.00]
409,89.01436352729797,[4.69 2.85 0.41],[0.00 0.00]
410,89.22361493110657,[4.69 2.85 0.38],[0.00 0.00]
411,89.44460105895996,[4.69 2.85 0.35],[0.00 0.00]
412,89.65799713134766,[4.69 2.85 0.33],[0.00 0.00]
413,89.86763787269592,[4.70 2.85 0.30],[0.00 0.00]
414,90.0766954421997,[4.70 2.85 0.28],[0.00 0.00]
415,90.28540444374084,[4.71 2.86 0.25],[0.00 0.00]
416,90.49333310127258,[4.72 2.86 0.21],[0.00 0.00]
417,90.71397995948792,[4.74 2.86 0.19],[0.00 0.00]
418,90.92402768135071,[4.75 2.87 0.15],[0.00 0.00]
419,91.13266563415527,[4.77 2.87 0.12],[0.00 0.00]
420,91.34132933616638,[4.80 2.87 0.09],[0.00 0.00]
421,91.54995608329773,[4.82 2.87 0.07],[0.00 0.00]
422,91.75885963439941,[4.85 2.88 0.04],[0.00 0.00]
423,91.97977304458618,[4.89 2.88 0.01],[0.00 0.00]
424,92.18994474411011,[4.92 2.88 6.27],[0.00 0.00]
425,92.40215802192688,[4.96 2.88 6.24],[0.00 0.00]
426,92.61225318908691,[5.00 2.88 6.21],[0.00 0.00]
427,92.82350039482117,[5.05 2.87 6.18],[0.00 0.00]
428,93.03287434577942,[5.09 2.87 6.17],[0.00 0.00]
429,93.25363731384277,[5.14 2.86 6.17],[0.00 0.00]
430,93.46383142471313,[5.19 2.86 6.17],[0.00 0.00]
431,93.67331099510193,[5.24 2.85 6.17],[0.00 0.00]
432,93.88512206077576,[5.28 2.85 6.17],[0.00 0.00]
433,94.09487891197205,[5.33 2.84 6.16],[0.00 0.00]
434,94.3067729473114,[5.38 2.83 6.16],[0.00 0.00]
435,94.52754163742065,[5.43 2.83 6.16],[0.00 0.00]
436,94.74101400375366,[5.48 2.82 6.17],[0.00 0.00]
437,94.95095038414001,[5.52 2.82 6.17],[0.00 0.00]
438,95.16299247741699,[5.57 2.81 6.17],[0.00 0.00]
439,95.37202143669128,[5.62 2.81 6.17],[0.00 0.00]
440,95.58060336112976,[5.66 2.80 6.17],[0.00 0.00]
441,95.80124568939209,[5.71 2.80 6.17],[0.00 0.00]
442,96.01132822036743,[5.76 2.79 6.17],[0.00 0.00]
443,96.2238438129425,[5.81 2.78 6.17],[0.00 0.00]
444,96.43382143974304,[5.86 2.78 6.18],[0.00 0.00]
445,96.64569735527039,[5.90 2.77 6.18],[0.00 0.00]
446,96.85445594787598,[5.95 2.77 6.18],[0.00 0.00]
447,97.07519769668579,[6.00 2.76 6.13],[0.00 0.00]
448,97.28509855270386,[6.04 2.76 6.13],[0.00 0.00]
449,97.49436926841736,[6.08 2.75 6.13],[0.00 0.00]
450,97.70322632789612,[6.11 2.75 6.13],[0.00 0.00]
451,97.91485595703125,[6.15 2.74 6.13],[0.00 0.00]
452,98.1239664554596,[6.18 2.74 6.13],[0.00 0.00]
453,98.34490394592285,[6.20 2.73 6.13],[0.00 0.00]
454,98.55471706390381,[6.23 2.73 6.12],[0.00 0.00]
455,98.76405000686646,[6.25 2.73 6.13],[0.00 0.00]
456,98.9734559059143,[6.27 2.72 6.12],[0.00 0.00]
457,99.18090748786926,[6.28 2.72 6.12],[0.00 0.00]
458,99.3895332813263,[6.30 2.72 6.12],[0.00 0.00]
459,99.61012935638428,[6.30 2.72 6.12],[0.00 0.00]
460,99.81702995300293,[6.31 2.72 6.12],[0.00 0.00]
461,100.01857233047485,[6.31 2.72 6.12],[0.00 0.00]
462,100.21603393554688,[6.32 2.71 6.12],[0.00 0.00]
463,100.41519141197205,[6.33 2.71 6.13],[0.00 0.00]
464,100.61487770080566,[6.34 2.71 6.12],[0.00 0.00]
465,100.81141209602356,[6.35 2.71 6.12],[0.00 0.00]
466,101.00799059867859,[6.36 2.71 6.12],[0.00 0.00]
467,101.20535778999329,[6.37 2.71 6.12],[0.00 0.00]
468,101.40644311904907,[6.38 2.71 6.12],[0.00 0.00]
469,101.60698795318604,[6.39 2.70 6.12],[0.00 0.00]
470,101.83814358711243,[6.40 2.70 6.12],[0.00 0.00]
471,102.05029082298279,[6.41 2.70 6.12],[0.00 0.00]
472,102.25813245773315,[6.42 2.70 6.13],[0.00 0.00]
473,102.46663188934326,[6.43 2.70 6.15],[0.00 0.00]
474,102.67513537406921,[6.43 2.70 6.19],[0.00 0.00]
475,102.88436603546143,[6.44 2.70 6.23],[0.00 0.00]
476,103.10409593582153,[6.44 2.70 6.28],[0.00 0.00]
477,103.31423878669739,[6.44 2.70 0.01],[0.00 0.00]
478,103.52000617980957,[6.44 2.70 0.01],[0.00 0.00]
479,103.72795939445496,[6.44 2.70 0.01],[0.00 0.00]
480,103.93311643600464,[6.44 2.70 0.02],[0.00 0.00]
481,104.14138197898865,[6.44 2.70 0.03],[0.00 0.00]
482,104.36155676841736,[6.44 2.70 0.03],[0.00 0.00]
483,104.57184052467346,[6.44 2.70 0.04],[0.00 0.00]
484,104.78022050857544,[6.45 2.70 0.04],[0.00 0.00]
485,104.9897871017456,[6.45 2.70 0.04],[0.00 0.00]
486,105.19827556610107,[6.45 2.70 0.05],[0.00 0.00]
487,105.40715217590332,[6.45 2.70 0.05],[0.00 0.00]
488,105.62684202194214,[6.45 2.70 0.14],[0.00 0.00]
489,105.83747386932373,[6.45 2.70 0.15],[0.00 0.00]
490,106.04653906822205,[6.45 2.70 0.16],[0.00 0.00]
491,106.25566291809082,[6.45 2.70 0.19],[0.00 0.00]
492,106.46372389793396,[6.45 2.70 0.22],[0.00 0.00]
493,106.67289900779724,[6.45 2.70 0.24],[0.00 0.00]
494,106.89645719528198,[6.45 2.70 0.26],[0.00 0.00]
495,107.10709524154663,[6.46 2.70 0.29],[0.00 0.00]
496,107.31676387786865,[6.47 2.70 0.32],[0.00 0.00]
497,107.5286877155304,[6.48 2.70 0.34],[0.00 0.00]
498,107.73723101615906,[6.49 2.71 0.37],[0.00 0.00]
499,107.94999623298645,[6.51 2.72 0.40],[0.00 0.00]
500,108.17079257965088,[6.53 2.72 0.43],[0.00 0.00]
501,108.38099265098572,[6.55 2.73 0.45],[0.00 0.00]
502,108.59348964691162,[6.57 2.74 0.46],[0.00 0.00]
503,108.80365300178528,[6.59 2.76 0.46],[0.00 0.00]
504,109.0152735710144,[6.61 2.77 0.46],[0.00 0.00]
505,109.22412157058716,[6.64 2.78 0.46],[0.00 0.00]
506,109.4445252418518,[6.66 2.79 0.45],[0.00 0.00]
507,109.65473008155823,[6.68 2.80 0.45],[0.00 0.00]
508,109.86408138275146,[6.70 2.81 0.45],[0.00 0.00]
509,110.0733847618103,[6.71 2.81 0.45],[0.00 0.00]
510,110.28091502189636,[6.73 2.82 0.43],[0.00 0.00]
511,110.48961043357849,[6.74 2.83 0.40],[0.00 0.00]
512,110.71010637283325,[6.75 2.83 0.36],[0.00 0.00]
513,110.92029142379761,[6.77 2.84 0.30],[0.00 0.00]
514,111.12972974777222,[6.78 2.84 0.23],[0.00 0.00]
515,111.33887767791748,[6.78 2.84 0.16],[0.00 0.00]
516,111.54730033874512,[6.79 2.84 0.07],[0.00 0.00]
517,111.75557518005371,[6.80 2.84 6.25],[0.00 0.00]
518,111.97588872909546,[6.80 2.84 6.14],[0.00 0.00]
519,112.18590331077576,[6.81 2.84 6.00],[0.00 0.00]
520,112.39475846290588,[6.81 2.84 5.87],[0.00 0.00]
521,112.6043131351471,[6.81 2.84 5.72],[0.00 0.00]
522,112.81608843803406,[6.81 2.84 5.58],[0.00 0.00]
523,113.02648329734802,[6.81 2.84 5.43],[0.00 0.00]
524,113.24964594841003,[6.81 2.84 5.29],[0.00 0.00]
525,113.46346426010132,[6.81 2.84 5.16],[0.00 0.00]
526,113.67367053031921,[6.81 2.84 5.06],[0.00 0.00]
527,113.88560819625854,[6.81 2.84 4.97],[0.00 0.00]
528,114.09494400024414,[6.81 2.84 4.89],[0.00 0.00]
529,114.30790138244629,[6.81 2.84 4.81],[0.00 0.00]
530,114.53214716911316,[6.81 2.84 4.74],[0.00 0.00]
531,114.74267292022705,[6.81 2.84 4.70],[0.00 0.00]
532,114.95595717430115,[6.81 2.84 4.67],[0.00 0.00]
533,115.16922640800476,[6.81 2.84 4.64],[0.00 0.00]
534,115.38129663467407,[6.81 2.84 4.61],[0.00 0.00]
535,115.5935959815979,[6.81 2.84 4.59],[0.00 0.00]
536,115.81472420692444,[6.81 2.84 4.56],[0.00 0.00]
537,116.02468204498291,[6.81 2.84 4.53],[0.00 0.00]
538,116.23804831504822,[6.81 2.83 4.50],[0.00 0.00]
539,116.4513566493988,[6.81 2.82 4.47],[0.00 0.00]
540,116.66278123855591,[6.80 2.81 4.44],[0.00 0.00]
541,116.87202286720276,[6.80 2.80 4.41],[0.00 0.00]
542,117.09287023544312,[6.79 2.78 4.38],[0.00 0.00]
543,117.30628275871277,[6.79 2.76 4.35],[0.00 0.00]
544,117.51975345611572,[6.78 2.74 4.32],[0.00 0.00]
545,117.73296785354614,[6.77 2.71 4.29],[0.00 0.00]
546,117.94523549079895,[6.75 2.68 4.26],[0.00 0.00]
547,118.15577149391174,[6.74 2.65 4.24],[0.00 0.00]
548,118.37855052947998,[6.72 2.62 4.21],[0.00 0.00]
549,118.58831787109375,[6.70 2.59 4.18],[0.00 0.00]
550,118.79797863960266,[6.68 2.55 4.15],[0.00 0.00]
551,119.00715398788452,[6.66 2.51 4.13],[0.00 0.00]
552,119.21622705459595,[6.63 2.47 4.11],[0.00 0.00]
553,119.41960573196411,[6.61 2.44 4.11],[0.00 0.00]
554,119.62016129493713,[6.58 2.40 4.11],[0.00 0.00]
555,119.82071781158447,[6.56 2.37 4.11],[0.00 0.00]
556,120.05048751831055,[6.54 2.34 4.11],[0.00 0.00]
557,120.26440286636353,[6.52 2.30 4.11],[0.00 0.00]
558,120.4638512134552,[6.50 2.27 4.11],[0.00 0.00]
559,120.66476464271545,[6.48 2.25 4.11],[0.00 0.00]
560,120.87054705619812,[6.47 2.23 4.11],[0.00 0.00]
561,121.08247804641724,[6.45 2.21 4.11],[0.00 0.00]
562,121.30345916748047,[6.44 2.19 4.11],[0.00 0.00]
563,121.51700258255005,[6.42 2.16 4.11],[0.00 0.00]
564,121.72964835166931,[6.40 2.13 4.11],[0.00 0.00]
565,121.94352555274963,[6.38 2.10 4.11],[0.00 0.00]
566,122.15581512451172,[6.36 2.07 4.11],[0.00 0.00]
567,122.36517333984375,[6.33 2.04 4.11],[0.00 0.00]
568,122.58857941627502,[6.31 2.00 4.11],[0.00 0.00]
569,122.8026978969574,[6.28 1.96 4.11],[0.00 0.00]
570,123.01360821723938,[6.26 1.92 4.11],[0.00 0.00]
571,123.2262077331543,[6.23 1.89 4.11],[0.00 0.00]
572,123.4373071193695,[6.21 1.85 4.11],[0.00 0.00]
573,123.64663028717041,[6.19 1.82 4.11],[0.00 0.00]
574,123.8670973777771,[6.17 1.80 4.12],[0.00 0.00]
575,124.08061528205872,[6.15 1.77 4.11],[0.00 0.00]
576,124.2915153503418,[6.14 1.75 4.11],[0.00 0.00]
577,124.50364065170288,[6.12 1.73 4.11],[0.00 0.00]
578,124.71563196182251,[6.11 1.71 4.11],[0.00 0.00]
579,124.92457127571106,[6.10 1.69 4.11],[0.00 0.00]
580,125.144846200943,[6.09 1.68 4.11],[0.00 0.00]
581,125.35868334770203,[6.08 1.67 4.11],[0.00 0.00]
582,125.56946587562561,[6.08 1.66 4.11],[0.00 0.00]
583,125.78180360794067,[6.07 1.66 4.11],[0.00 0.00]
584,125.99295449256897,[6.07 1.66 4.11],[0.00 0.00]
585,126.20190286636353,[6.07 1.65 4.13],[0.00 0.00]
586,126.42295956611633,[6.07 1.65 4.15],[0.00 0.00]
587,126.63655471801758,[6.07 1.65 4.17],[0.00 0.00]
588,126.8473253250122,[6.07 1.65 4.20],[0.00 0.00]
589,127.05979704856873,[6.07 1.65 4.23],[0.00 0.00]
590,127.268394947052,[6.07 1.65 4.25],[0.00 0.00]
591,127.47614455223083,[6.07 1.65 4.28],[0.00 0.00]
592,127.69692540168762,[6.07 1.65 4.30],[0.00 0.00]
593,127.90669202804565,[6.07 1.65 4.33],[0.00 0.00]
594,128.1168134212494,[6.07 1.65 4.35],[0.00 0.00]
595,128.32926321029663,[6.07 1.65 4.38],[0.00 0.00]
596,128.54064869880676,[6.07 1.64 4.40],[0.00 0.00]
597,128.75055956840515,[6.06 1.63 4.43],[0.00 0.00]
598,128.97438383102417,[6.06 1.62 4.45],[0.00 0.00]
599,129.18482637405396,[6.06 1.61 4.48],[0.00 0.00]
600,129.39456391334534,[6.05 1.59 4.51],[0.00 0.00]
601,129.60728359222412,[6.05 1.57 4.54],[0.00 0.00]
602,129.81976675987244,[6.04 1.55 4.56],[0.00 0.00]
603,130.0330731868744,[6.04 1.52 4.57],[0.00 0.00]
604,130.25266480445862,[6.04 1.50 4.57],[0.00 0.00]
605,130.46250700950623,[6.03 1.47 4.57],[0.00 0.00]
606,130.67596578598022,[6.03 1.45 4.57],[0.00 0.00]
607,130.88874888420105,[6.03 1.42 4.57],[0.00 0.00]
608,131.09294033050537,[6.02 1.40 4.57],[0.00 0.00]
609,131.30244851112366,[6.02 1.38 4.57],[0.00 0.00]
610,131.51830124855042,[6.02 1.36 4.57],[0.00 0.00]
611,131.73204398155212,[6.01 1.33 4.57],[0.00 0.00]
612,131.9425938129425,[6.01 1.31 4.57],[0.00 0.00]
613,132.1552062034607,[6.01 1.29 4.56],[0.00 0.00]
614,132.36726880073547,[6.01 1.27 4.55],[0.00 0.00]
615,132.57921957969666,[6.00 1.26 4.53],[0.00 0.00]
616,132.80051636695862,[6.00 1.24 4.49],[0.00 0.00]
617,133.0138921737671,[6.00 1.23 4.43],[0.00 0.00]
618,133.22709560394287,[5.99 1.22 4.37],[0.00 0.00]
619,133.44023251533508,[5.99 1.21 4.28],[0.00 0.00]
620,133.65230989456177,[5.99 1.20 4.20],[0.00 0.00]
621,133.86174631118774,[5.98 1.20 4.09],[0.00 0.00]
622,134.0825936794281,[5.98 1.19 3.99],[0.00 0.00]
623,134.29593467712402,[5.98 1.19 3.86],[0.00 0.00]
624,134.50685596466064,[5.98 1.19 3.72],[0.00 0.00]
625,134.71940851211548,[5.98 1.19 3.57],[0.00 0.00]
626,134.92578434944153,[5.98 1.19 3.43],[0.00 0.00]
627,135.13472080230713,[5.98 1.19 3.29],[0.00 0.00]
628,135.35167121887207,[5.98 1.19 3.15],[0.00 0.00]
629,135.56119656562805,[5.98 1.19 3.00],[0.00 0.00]
630,135.77028250694275,[5.98 1.19 2.85],[0.00 0.00]
631,135.9753119945526,[5.98 1.19 2.74],[0.00 0.00]
632,136.18394684791565,[5.98 1.19 2.64],[0.00 0.00]
633,136.38919138908386,[5.98 1.19 2.55],[0.00 0.00]
634,136.612450838089,[5.98 1.19 2.47],[0.00 0.00]
635,136.822913646698,[5.98 1.19 2.37],[0.00 0.00]
636,137.0312168598175,[5.98 1.19 2.31],[0.00 0.00]
637,137.2400679588318,[5.98 1.19 2.27],[0.00 0.00]
638,137.44882130622864,[5.97 1.19 2.24],[0.00 0.00]
639,137.6574728488922,[5.97 1.19 2.22],[0.00 0.00]
640,137.87430000305176,[5.97 1.19 2.19],[0.00 0.00]
641,138.0839273929596,[5.97 1.19 2.16],[0.00 0.00]
642,138.29153895378113,[5.97 1.19 2.14],[0.00 0.00]
643,138.49517822265625,[5.97 1.20 2.11],[0.00 0.00]
644,138.69810128211975,[5.97 1.20 2.08],[0.00 0.00]
645,138.90725207328796,[5.97 1.20 2.05],[0.00 0.00]
646,139.1276352405548,[5.97 1.20 2.02],[0.00 0.00]
647,139.34124088287354,[5.96 1.21 1.99],[0.00 0.00]
648,139.55122470855713,[5.96 1.22 1.96],[0.00 0.00]
649,139.76037740707397,[5.96 1.23 1.93],[0.00 0.00]
650,139.9717619419098,[5.95 1.24 1.90],[0.00 0.00]
651,140.18087792396545,[5.95 1.26 1.87],[0.00 0.00]
652,140.4013156890869,[5.94 1.28 1.84],[0.00 0.00]
653,140.61508679389954,[5.93 1.30 1.81],[0.00 0.00]
654,140.82471919059753,[5.93 1.33 1.78],[0.00 0.00]
655,141.03390049934387,[5.92 1.36 1.76],[0.00 0.00]
656,141.24199151992798,[5.91 1.39 1.73],[0.00 0.00]
657,141.45050144195557,[5.91 1.42 1.70],[0.00 0.00]
658,141.67090249061584,[5.90 1.46 1.67],[0.00 0.00]
659,141.88137888908386,[5.90 1.51 1.65],[0.00 0.00]
660,142.0909662246704,[5.90 1.55 1.62],[0.00 0.00]
661,142.29985165596008,[5.89 1.59 1.61],[0.00 0.00]
662,142.51162934303284,[5.89 1.64 1.60],[0.00 0.00]
663,142.7211627960205,[5.89 1.69 1.60],[0.00 0.00]
664,142.94058060646057,[5.89 1.73 1.60],[0.00 0.00]
665,143.15084171295166,[5.89 1.77 1.60],[0.00 0.00]
666,143.35968446731567,[5.89 1.81 1.60],[0.00 0.00]
667,143.56931400299072,[5.89 1.84 1.59],[0.00 0.00]
668,143.77815318107605,[5.88 1.87 1.59],[0.00 0.00]
669,143.9898099899292,[5.88 1.90 1.59],[0.00 0.00]
670,144.2104091644287,[5.88 1.92 1.59],[0.00 0.00]
671,144.4207100868225,[5.88 1.94 1.59],[0.00 0.00]
672,144.62975645065308,[5.88 1.96 1.58],[0.00 0.00]
673,144.838933467865,[5.88 1.98 1.58],[0.00 0.00]
674,145.05039525032043,[5.88 1.99 1.58],[0.00 0.00]
675,145.25977396965027,[5.88 2.00 1.58],[0.00 0.00]
676,145.48030471801758,[5.88 2.00 1.58],[0.00 0.00]
677,145.6939673423767,[5.88 2.01 1.58],[0.00 0.00]
678,145.903906583786,[5.88 2.01 1.59],[0.00 0.00]
679,146.11590456962585,[5.88 2.01 1.61],[0.00 0.00]
680,146.3257336616516,[5.88 2.01 1.64],[0.00 0.00]
681,146.53699469566345,[5.88 2.01 1.66],[0.00 0.00]
682,146.75795769691467,[5.88 2.01 1.69],[0.00 0.00]
683,146.9684145450592,[5.88 2.01 1.72],[0.00 0.00]
684,147.17802166938782,[5.88 2.01 1.74],[0.00 0.00]
685,147.38984060287476,[5.88 2.02 1.76],[0.00 0.00]
686,147.59821772575378,[5.88 2.03 1.79],[0.00 0.00]
687,147.8070993423462,[5.88 2.04 1.82],[0.00 0.00]
688,148.02769899368286,[5.87 2.05 1.84],[0.00 0.00]
689,148.2379653453827,[5.87 2.07 1.88],[0.00 0.00]
690,148.44698572158813,[5.86 2.09 1.90],[0.00 0.00]
691,148.6564118862152,[5.85 2.11 1.92],[0.00 0.00]
692,148.86800241470337,[5.85 2.14 1.95],[0.00 0.00]
693,149.0773024559021,[5.83 2.17 1.98],[0.00 0.00]
694,149.29757618904114,[5.82 2.20 2.00],[0.00 0.00]
695,149.50776481628418,[5.81 2.23 2.03],[0.00 0.00]
696,149.71677923202515,[5.79 2.26 2.06],[0.00 0.00]
697,149.92168593406677,[5.77 2.30 2.08],[0.00 0.00]
698,150.12174463272095,[5.75 2.33 2.11],[0.00 0.00]
